car_model;price;year_model;kms;color;fueltype
Chevrolet Sail 1.4 Ltz;$31.500.000;2016;69.000;Azul;Gasolina
Chevrolet Sail 1.4 Ls Mecánica;$29.000.000;2017;70.000;Color not found;Gasolina
Chevrolet Sail 1.4 Ls;$29.900.000;2017;71.000;Gris;Gasolina
Chevrolet Sail 1.4 Lt;$33.900.000;2019;78.000;Plateado;Gasolina
Chevrolet Sail 1.4 Ltz;$40.000.000;2020;65.347;Azul;Gasolina
Chevrolet Sail 1.4 Ls;$35.000.000;2019;85.000;Gris;Gasolina
Chevrolet Sail 1.4 Ltz;$26.990.000;2015;83.000;Color not found;Gasolina
Chevrolet Sail 1.4cc Mt Aa ;$25.200.000;2015;68.200;Blanco;Gasolina
Chevrolet Sail 1.4 Ltz;$27.500.000;2015;159.558;Blanco;Gasolina
Chevrolet Sail 1.4 Ls;$35.000.000;2019;80.300;Gris;Gasolina
Chevrolet Sail 1.4 Ltz;$41.000.000;2018;35.847;Azul;Gasolina
Chevrolet Sail Ls;$35.900.000;2018;98.915;Plateado;Gasolina
Chevrolet Sail 1.4 Ls Mecánica;$26.700.000;2017;305.705;Gris;Gasolina
Chevrolet Sail 1.4 Ltz;$29.900.000;2015;85.000;Plateado;Gasolina
Chevrolet Sail 1.4 Ltz;$40.500.000;2020;45.100;Rojo;Gasolina
Chevrolet Sail .;$29.300.000;2016;104.000;Plateado;Gasolina
Chevrolet Sail LT 1.4 MT;$26.990.000;2014;85.000;Plateado;Gasolina
Chevrolet Sail 1.4 Ltz;$34.900.000;2018;93.000;Plateado;Gasolina
Chevrolet Sail 1.4 Ls;$23.000.000;2015;104.566;Plateado;Gasolina
Chevrolet Sail 1.4 Ltz;$30.500.000;2018;85.000;Gris;Gasolina
Chevrolet Sail 1.4 Ltz;$35.000.000;2019;93.326;Gris;Gasolina
Chevrolet Sail 1.4 Ltz;$31.900.000;2018;116.000;Azul;Gasolina
Chevrolet Sail ltz 1.4;$35.000.000;2017;125.000;Color not found;Gasolina
Chevrolet Sail 1.4 Ls Mecánica;$35.900.000;2017;80.934;Plateado;Gasolina
Chevrolet Sail 1.4 Ls;$30.000.000;2015;110.000;Gris;Gasolina
Chevrolet Sail 1.4 Ls;$26.900.000;2015;119.000;Rojo;Gasolina
Chevrolet Sail LTZ SPORT;$24.900.000;2013;1;Azul;Gasolina
Chevrolet Sail 1.4 Ls;$33.500.000;2016;81.081;Plateado;Gasolina
Chevrolet Sail 1.4 Lt Hb Mecanico;$35.900.000;2015;99.835;Negro;Gasolina
Chevrolet Sail 1.4 Lt;$33.900.000;2018;76.100;Gris;Gasolina
Chevrolet Sail 1.4 Lt Sport;$28.490.000;2014;108.000;Gris;Gasolina
Chevrolet Sail 1.4 Ltz Sport;$33.900.000;2017;85.000;Gris;Gasolina
Chevrolet Sail 1.4 Ltz;$35.000.000;2015;54.000;Plateado;Gasolina
Chevrolet Sail 1.4 Lt Sport;$27.900.000;2014;97.800;Color not found;Gasolina
Chevrolet Sail 1.4 LS con aire;$29.600.000;2016;81.000;Color not found;Gasolina
Chevrolet Sail 1.4 LS Mecanico Sedan;$31.500.000;2019;47.000;Rojo;Gasolina
Chevrolet Sail 1.4 Ls;$31.500.000;2017;52.421;Plateado;Gasolina
Chevrolet Sail 1.4 Ltz;$29.800.000;2015;112.000;Gris;Gasolina
Chevrolet Sail 1.4 LS con Aire;$32.900.000;2017;46.500;Gris;Gasolina
Chevrolet Sail 1.4 Ls;$34.000.000;2016;85.000;Plateado;Gasolina
Chevrolet Sail 1.4 Ls;$33.500.000;2016;92.000;Gris;Gasolina
Chevrolet Sail 1.4 LS con Aire;$38.900.000;2020;39.000;Plateado;Gasolina
Chevrolet Sail 1.4 Lt;$32.900.000;2017;58.200;Blanco;Gasolina
Chevrolet Sail 1.4 Ls;$29.500.000;2015;88.000;Gris;Gasolina
Chevrolet Sail 1.4 Lt;$30.900.000;2018;88.000;Gris;Gasolina
Chevrolet Sail 1.4 Ls;$31.065.000;2018;81.873;Blanco;Gasolina
Chevrolet Sail 1.4 Ls Mecánica;$28.900.000;2017;72.000;Color not found;Gasolina
Chevrolet Sail 1.4 Lt;$37.900.000;2019;59.000;Azul;Gasolina
Chevrolet Sail 1.4 Ltz;$36.000.000;2019;65.000;Rojo;Gasolina
Chevrolet Sail 1.4 Ls;$35.500.000;2018;49.000;Gris;Gasolina
Chevrolet Sail 1.4 Ls;$33.800.000;2018;120.000;Blanco;Gasolina
Chevrolet Sail 1.4 Ls;$33.900.000;2018;32.000;Azul;Gasolina
Chevrolet Sail 1.4 Lt;$30.900.000;2015;44.000;Azul;Gasolina
Chevrolet Sail 1.4l Mecánica;$36.960.000;2018;48.599;Rojo;Gasolina
Chevrolet Sail 1.4 Lt;$33.900.000;2018;50.300;Plateado;Gasolina
Chevrolet Sail 1.4 Ltz;$29.700.000;2016;75.000;Gris;Gasolina
Chevrolet Sail 1.4 Ltz;$28.500.000;2016;78.000;Color not found;Gasolina
Chevrolet Sail 1.4 Ltz;$36.000.000;2018;38.000;Negro;Gasolina
Chevrolet Sail 1.4 Ltz;$29.500.000;2014;120.350;Plateado;Gasolina
Chevrolet Sail 1.4 Ltz;$31.800.000;2016;100.000;Color not found;Gasolina
Chevrolet Sail 1.4 Lt;$32.900.000;2018;75.000;Blanco;Gasolina
Chevrolet Sail 1.4 Ls;$29.000.000;2016;108.700;Plateado;Gasolina
Chevrolet Sail 1.4 Ltz;$27.800.000;2014;109.620;Rojo;Gasolina
Chevrolet Sail 1.4 Ltz;$31.900.000;2017;125.000;Rojo;Gasolina
Chevrolet Sail 1.4 Lt;$31.900.000;2018;49.000;Color not found;Gasolina
Chevrolet Sail 1.4 Ls;$31.800.000;2018;109.000;Plateado;Gasolina
Chevrolet Sail 1.4 Ls;$34.900.000;2018;62.620;Gris;Gasolina
Chevrolet Sail 1.4 Ls;$33.900.000;2019;89.050;Gris;Gasolina
Chevrolet Sail 1.4 Ls;$29.700.000;2015;76.000;Color not found;Gasolina
Chevrolet Sail 1.4 Lt;$35.900.000;2018;80.000;Color not found;Gasolina
Chevrolet Sail 1.4 Ltz Sport;$29.500.000;2016;94.300;Color not found;Gasolina
Chevrolet Sail 1.4 Lt;$35.800.000;2018;42.200;Color not found;Gasolina
Chevrolet Sail 1.4 Lt 5 p;$26.500.000;2015;108.678;Color not found;Gasolina
Chevrolet Sail 1.4 Ls;$26.800.000;2013;80.000;Color not found;Gasolina
Chevrolet Sail ltz 5p sport;$29.900.000;2014;120.000;Blanco;Gasolina
Chevrolet Sail 1.4 Ltz;$32.800.000;2019;145.800;Gris;Gasolina
Chevrolet Sail 1.4 Ls;$35.000.000;2018;68.000;Blanco;Gasolina
Chevrolet Sail 1.4 Ltz;$33.800.000;2018;88.000;Color not found;Gasolina
Chevrolet Sail LTZ 1.4;$37.490.000;2020;41.000;Azul;Gasolina
Chevrolet Sail 1.4 Ltz Sport;$29.500.000;2016;94.300;Color not found;Gasolina
Chevrolet Sail 1.4 Ltz Sport;$25.900.000;2015;90.000;Gris;Gasolina
Chevrolet Sail Lt;$33.500.000;2018;47.000;Gris;Gasolina
Chevrolet Sail 1.4 Lt;$28.000.000;2014;98.000;Blanco;Gasolina
Chevrolet Sail 1.4 Ls;$34.500.000;2018;56.000;Color not found;Gasolina
Chevrolet Sail 1.4 Ls;$32.900.000;2019;49.700;Color not found;Gasolina
Chevrolet Sail 1.4 Ls;$29.500.000;2017;98.249;Color not found;Gasolina
Chevrolet Sail 1.4 Ltz;$31.900.000;2016;89.000;Plateado;Gasolina
Chevrolet Sail 1.4 Lt 4 p;$30.900.000;2015;44.000;Azul;Gasolina
Chevrolet Sail 1.4 Lt;$25.500.000;2014;121.000;Gris;Gasolina
Chevrolet Sail 1.4 Lt;$34.500.000;2017;76.000;Color not found;Gasolina
Chevrolet Sail 1.4 Lt 5 p;$30.900.000;2013;129.000;Plateado;Gasolina
Chevrolet Sail 1.4 Ls;$30.900.000;2013;99.800;Negro;Gasolina
Chevrolet Sail 1.4 Ltz;$32.000.000;2016;113.000;Color not found;Gasolina
Chevrolet Sail 1.4 Ls;$25.100.000;2013;103.000;Gris;Gasolina
Chevrolet Sail 1.4 Ls;$27.500.000;2014;99.300;Color not found;Gasolina
Chevrolet Sail 2019  A Gas(taxi) Perfecto Estado  189km;$95.000.000;2019;189.000;Amarillo;Gasolina y gas
Chevrolet Sail 1.4 Ltz;$35.000.000;2017;62.000;Color not found;Gasolina
Chevrolet Sail 1.4l;$30.900.000;2016;156.000;Gris;Gasolina
Chevrolet Sail 1.4 Lt;$26.500.000;2015;76.500;Plateado;Gasolina
Chevrolet Sail 1.4 Ltz;$23.500.000;2018;100.000;Color not found;Gasolina
Chevrolet Sail 1.4 Ltz;$32.800.000;2017;143.000;Negro;Gasolina
Chevrolet Sail 1.4 Ls;$28.000.000;2016;108.700;Plateado;Gasolina
Chevrolet Chevy Sail ;$64.000.000;2019;172.000;Color not found;Gasolina
Chevrolet Sail 1.4 Ltz;$34.000.000;2018;93.000;Color not found;Gasolina
Chevrolet Sail 1.4 Ltz Sport;$28.500.000;2018;100.000;Color not found;Gasolina
Chevrolet Sail 1.4 Ls;$30.000.000;2017;84.000;Rojo;Gasolina
Chevrolet Sail 1.4 Ls;$28.500.000;2015;75.500;Color not found;Gasolina
Chevrolet Sail 1.4 Lt 4 p;$30.500.000;2015;96.000;Blanco;Gasolina
Chevrolet Sail 1.4 Ls;$25.500.000;2013;88.000;Color not found;Gasolina
Chevrolet Sail 1.4 Ls Mecánica;$23.500.000;2017;243.318;Gris;Gasolina
Chevrolet Sail 1.4 Ltz;$36.000.000;2018;38.200;Azul;Gasolina
Chevrolet Sail 1.4 Lt 5 p;$25.100.000;2013;103.000;Color not found;Gasolina
Chevrolet Sail 1.4 Ltz Sport;$28.000.000;2016;91.000;Color not found;Gasolina
Chevrolet Sail 1.4 Ltz Sport;$27.500.000;2014;112.000;Color not found;Gasolina
Chevrolet Sail 1.4 Ls Mecánica;$30.000.000;2017;70.500;Color not found;Gasolina
Chevrolet Sail 1.4 Ls;$40.000.000;2016;48.000;Plateado;Gasolina
Chevrolet Sail 1.4 Ls;$27.000.000;2015;142.000;Gris;Gasolina
Chevrolet Sail 1.4l Mecánica;$39.000.000;2017;58.000;Gris;Gasolina
Chevrolet Sail 1.4 Ltz Sport;$34.900.000;2017;140.000;Dorado;Gasolina
Chevrolet Sail 1.4 Ls;$32.000.000;2016;51.000;Blanco;Gasolina
Chevrolet Sail 1.4 Ls;$32.000.000;2015;23.000;Rojo;Gasolina
Chevrolet Sail 1.4 Ltz Sport;$29.000.000;2016;58.000;Color not found;Gasolina
Chevrolet Sail 1.4 Ltz;$34.000.000;2017;92.000;Color not found;Gasolina
Chevrolet Sail 1.4 Lt;$26.900.000;2017;134.545;Gris;Gasolina
Chevrolet Sail 1.4 Lt;$26.000.000;2013;78.000;Negro;Gasolina
Chevrolet Sail 1.4 Ls Mecánica;$29.900.000;2017;93.800;Blanco;Gasolina
Chevrolet Sail 1.4 Ls;$28.000.000;2015;83.000;Gris;Gasolina
Chevrolet Sail 1.4 Lt 5 p;$27.500.000;2013;48.000;Plateado;Gasolina
Chevrolet Sail 1.4 Ls;$29.000.000;2016;83.919;Rojo;Gasolina
Chevrolet Sail 1.4 Ls;$28.999.990;2016;70.250;Azul;Gasolina
Chevrolet Sail 1.4 Lt 5 p;$29.500.000;2014;81.083;Blanco;Gasolina
Chevrolet Sail 1.4 Lt 5 p;$28.500.000;2016;127.400;Color not found;Gasolina
Chevrolet Sail 1.4 Lt;$23.000.000;2016;140.000;Color not found;Gasolina
Chevrolet Sail 1.4 Ls;$27.000.000;2013;61.836;Blanco;Gasolina
Chevrolet Sail 1.4 Ltz;$26.900.000;2015;80.100;Rojo;Gasolina
Chevrolet Sail 1.4 Ls;$32.000.000;2017;63.000;Blanco;Gasolina
Chevrolet Sail 1.4 Ls Mecánica;$30.000.000;2017;102.000;Plateado;Gasolina
Chevrolet Sail 1.4 Ltz Sport;$30.000.000;2016;78.000;Rojo;Gasolina
Chevrolet Sail 1.4 Ltz;$29.900.000;2013;131.687;Blanco;Gasolina
Chevrolet Sail 1.4 Ls;$28.000.000;2016;55.500;Negro;Gasolina
Chevrolet Sail 1.4 Lt 4 p;$29.000.000;2015;119.000;Plateado;Gasolina
Chevrolet Sail 1.4 Ltz;$33.000.000;2016;89.000;Blanco;Gasolina
Chevrolet Sail 1.4 Ltz;$30.000.000;2017;99.500;Negro;Gasolina
Chevrolet Sail 1.4 Ltz 5 p;$27.500.000;2014;85.000;Rojo;Gasolina
Chevrolet Sail 1.4 Ltz;$28.900.000;2016;100.000;Color not found;Gasolina
Chevrolet Sail 1.4 Ls;$24.500.000;2013;174.000;Color not found;Gasolina
Chevrolet Sail 1.4 Ltz;$30.000.000;2018;93.059;Color not found;Gasolina
Chevrolet Sail 1.4 Ls;$30.000.000;2016;74.143;Color not found;Gasolina
Chevrolet Sail 1.4l Mecánica;$34.500.000;2017;41.300;Color not found;Gasolina
Chevrolet Sail 1.4 Ls Mecánica;$28.500.000;2017;79.000;Azul;Gasolina
Chevrolet Sail 1.4 Lt;$31.000.000;2018;96.000;Color not found;Gasolina
Chevrolet Sail 1.4 Ltz;$29.000.000;2016;74.000;Rojo;Gasolina
Chevrolet Sail 1.4 Lt;$28.000.000;2013;130.000;Negro;Gasolina
Chevrolet Sail 1.4 Ltz;$30.000.000;2016;88.000;Rojo;Gasolina
Chevrolet Sail 1.4 Ltz Sport;$33.000.000;2016;78.500;Plateado;Gasolina
Chevrolet Sail 1.4 Ltz;$36.000.000;2018;87.200;Azul;Gasolina
Chevrolet Sail 1.4 Ls;$35.000.000;2018;100.000;Color not found;Gasolina
Chevrolet Sail 1.4 Ltz 4 p;$27.900.000;2014;83.000;Color not found;Gasolina
Chevrolet Sail 1.4 Ls;$29.000.000;2016;112.500;Color not found;Gasolina
Chevrolet Sail 1.4 Ltz;$34.550.000;2016;95.000;Rojo;Gasolina
Chevrolet Sail 1.4 Ls;$31.000.000;2018;59.500;Color not found;Gasolina
Chevrolet Sail 1.4 Ls;$37.500.000;2018;47.600;Color not found;Gasolina
Chevrolet Sail 1.4 Lt;$27.500.000;2015;47.219;Color not found;Gasolina
Chevrolet Sail 1.4 Ls;$36.000.000;2019;76.000;Color not found;Gasolina
Chevrolet Sail 1.4l;$30.000.000;2016;150.000;Rojo;Gasolina
Chevrolet Sail 1.4 Lt 4 p;$28.900.000;2016;108.000;Gris;Gasolina
Chevrolet Sail 1.4 Ls;$32.000.000;2016;96.500;Color not found;Gasolina
Chevrolet Sail 1.4 Ltz;$31.000.000;2016;89.000;Color not found;Gasolina
Chevrolet Sail 1.4 Ls;$28.000.000;2016;99.000;Color not found;Gasolina
Chevrolet Sail 1.4 Ls;$31.500.000;2018;83.000;Color not found;Gasolina
Chevrolet Sail 1.4 Ltz Sport;$28.700.000;2016;110.000;Color not found;Gasolina
Chevrolet Sail 1.4 Lt 4 p;$29.500.000;2015;100.000;Color not found;Gasolina
Chevrolet Sail Sail 2019;$34.600.000;2019;70.000;Color not found;Gasolina
Chevrolet Sail 1.4 Ls;$28.990.000;2015;74.400;Gris;Gasolina
Chevrolet Sail 1.4 Lt 4 p;$26.500.000;2015;92.000;Color not found;Gasolina
Chevrolet Sail 1.4 Ls Mecánica;$25.500.000;2017;88.900;Plateado;Gasolina
Chevrolet Sail 1.4 Ls;$32.000.000;2018;49.000;Blanco;Gasolina
Chevrolet Sail 1.4 Ls;$30.000.000;2017;68.947;Negro;Gasolina
Chevrolet Sail 1.4 Lt;$25.000.000;2014;126.000;Gris;Gasolina
Chevrolet Sail 1.4 Ls;$28.300.000;2015;46.000;Azul;Gasolina
Chevrolet Sail 1.4 Ltz;$30.000.000;2015;103.000;Blanco;Gasolina
Chevrolet Sail 1.4 Lt;$30.000.000;2016;108.000;Blanco;Gasolina
Chevrolet Sail 1.4 Lt 5 p;$27.500.000;2014;24.500;Gris;Gasolina
Chevrolet Sail 1.4 Ltz;$27.000.000;2014;87.000;Plateado;Gasolina
Chevrolet Sail 1.4 Ltz;$41.800.000;2020;49.000;Gris;Gasolina
Chevrolet Sail 1.4 Ltz Sport;$26.600.000;2015;128.000;Color not found;Gasolina
Chevrolet Sail 1.4 Lt;$29.500.000;2015;1;Color not found;Gasolina
Chevrolet Sail 1.4 Ls Mecánica;$25.000.000;2017;145.000;Color not found;Gasolina
Chevrolet Sail 1.4 Lt;$25.000.000;2014;120.000;Color not found;Gasolina
Chevrolet Sail 1.4 Lt;$27.000.000;2018;72.000;Color not found;Gasolina
Chevrolet Sail 1.4 Ls;$26.500.000;2015;73.000;Azul;Gasolina
Chevrolet Sail 1.4 Ls Mecánica;$30.000.000;2017;130.000;Blanco;Gasolina
Chevrolet Sail 1.4 Ls;$26.900.000;2013;97.000;Color not found;Gasolina
Chevrolet Sail 1.4 Ls;$35.500.000;2018;41.000;Color not found;Gasolina
Chevrolet Sail 1.4 Ltz;$40.000.000;2018;20.000;Gris;Gasolina
Chevrolet Sail 1.4 Ls;$25.000.000;2014;93.000;Negro;Gasolina
Chevrolet Sail 1.4 Ls;$32.000.000;2015;101.000;Blanco;Gasolina
Chevrolet Sail 1.4 Ltz;$28.300.000;2015;150.000;Negro;Gasolina
Chevrolet Sail 1.4 Ls;$30.000.000;2017;49.100;Color not found;Gasolina
Chevrolet Sail 1.4 Ls;$38.000.000;2019;62.000;Color not found;Gasolina
Chevrolet Sail 1.4 Ls;$32.900.000;2016;73.000;Plateado;Gasolina
Chevrolet Sail 1.4 Lt 5 p;$25.500.000;2014;128.000;Azul;Gasolina
Chevrolet Sail 1.4 Ltz;$29.000.000;2016;101.000;Color not found;Gasolina
Chevrolet Sail 1.4 Ltz;$39.000.000;2020;141.900;Gris;Gasolina
Chevrolet Sail 1.4 Ltz;$33.900.000;2017;75.000;Color not found;Gasolina
Chevrolet Sail 1.4 Ls;$26.000.000;2015;71.000;Color not found;Gasolina
Chevrolet Sail 1.4 Ls;$35.000.000;2020;38.000;Color not found;Gasolina
Chevrolet Sail 1.4 Ls;$26.000.000;2015;115.000;Color not found;Gasolina
Chevrolet Sail 1.4 Ls;$32.500.000;2016;34.000;Color not found;Gasolina
Chevrolet Sail 1.4 Ltz;$27.000.000;2016;100.500;Color not found;Gasolina
Chevrolet Sail 1.4 Ltz;$30.000.000;2015;110.000;Gris;Gasolina
Chevrolet Sail 1.4 Lt;$31.900.000;2018;107.000;Rojo;Gasolina
Chevrolet Sail 1.4 Ls;$30.000.000;2015;77.000;Blanco;Gasolina
Chevrolet Sail 1.4 Ls;$27.500.000;2016;55.000;Rojo;Gasolina
Chevrolet Sail 1.4 Ltz;$25.500.000;2014;101.000;Negro;Gasolina
Chevrolet Sail 1.4 Ls;$32.000.000;2018;75.000;Plateado;Gasolina
Chevrolet Sail 1.4 Ls;$31.000.000;2015;68.000;Rojo;Gasolina
Chevrolet Sail 1.4 Ls Mecánica;$33.000.000;2017;74.300;Gris;Gasolina
Chevrolet Sail;$90.000.000;2019;236.000;Amarillo;Gasolina y gas
Chevrolet Sail 1.4 Lt;$25.500.000;2014;136.000;Azul;Gasolina
Chevrolet Sail 1.4 Ls;$34.000.000;2017;77.041;Color not found;Gasolina
Chevrolet Sail 1.4 Ltz;$34.900.000;2019;66.000;Color not found;Gasolina
Chevrolet Sail 1.4 Lt;$29.000.000;2016;71.000;Color not found;Gasolina
Chevrolet Sail 1.4 Ls;$28.000.000;2016;94.000;Gris;Gasolina
Chevrolet Sail 1.4 Lt;$34.800.000;2018;92.000;Plateado;Gasolina
Chevrolet Sail 1.4 Ls;$27.500.000;2015;84.000;Gris;Gasolina
Chevrolet Sail 1.4 Ltz;$27.000.000;2016;57.000;Color not found;Gasolina
Chevrolet Sail 1.4 Ls;$29.800.000;2016;57.500;Gris;Gasolina
Chevrolet Sail 1.4 Ls;$29.000.000;2016;105.000;Color not found;Gasolina
Chevrolet Sail Ls;$30.000.000;2017;107.000;Color not found;Gasolina
Chevrolet Sail 1.4 Lt 5 p;$26.500.000;2013;135.000;Blanco;Gasolina
Chevrolet Sail 1.4 Ltz Sport;$37.000.000;2017;81.700;Color not found;Gasolina
Chevrolet Sail 1.4 Ls;$28.000.000;2013;95.006;Plateado;Gasolina
Chevrolet Sail 1.4 Ls;$27.000.000;2014;112.000;Gris;Gasolina
Chevrolet Sail 1.4 Ls Mecánica;$31.500.000;2017;90.000;Dorado;Gasolina
Chevrolet Sail 1.4 Ls;$33.000.000;2018;81.000;Negro;Gasolina
Chevrolet Sail 1.4 Ltz Sport;$31.500.000;2016;67.080;Plateado;Gasolina
Chevrolet Sail 1.4l Mecánica;$30.000.000;2017;68.950;Negro;Gasolina
Chevrolet Sail 1.4 Ls;$28.500.000;2016;130.000;Negro;Gasolina
Chevrolet Sail 1.4 Ls;$34.400.000;2019;102.000;Blanco;Gasolina
Chevrolet Sail 1.4 Ltz Sport;$36.000.000;2018;58.000;Gris;Gasolina
Chevrolet Sail 1.4 Ls;$29.500.000;2016;100.393;Blanco;Gasolina
Chevrolet Sail ls Ls;$32.000.000;2014;40.000;Blanco;Gasolina
Chevrolet Sail Hb 1.4;$28.000.000;2015;90.000;Color not found;Gasolina
Chevrolet Sail 1.4 Lt;$29.500.000;2015;123.000;Color not found;Gasolina
Chevrolet Sail 1.4 Lt 4 p;$25.500.000;2013;93.000;Gris;Gasolina
Chevrolet Sail 1.4 Lt;$28.000.000;2014;36.800;Color not found;Gasolina
Chevrolet Sail 1.4 Ltz;$24.000.000;2013;135.000;Plateado;Gasolina
Chevrolet Sail 1.4 Ltz;$35.500.000;2018;43.000;Color not found;Gasolina
Chevrolet Sail 1.4 Ls;$26.500.000;2016;90.000;Gris;Gasolina
Chevrolet Sail 1.4 Lt 4 p;$23.000.000;2014;181.100;Color not found;Gasolina
Chevrolet Sail 1.4 Ls;$29.000.000;2015;96.900;Color not found;Gasolina
Chevrolet Sail 1.4 Ls;$29.700.000;2014;65.000;Color not found;Gasolina
Chevrolet Sail 1.4 Ls;$27.000.000;2015;70.700;Color not found;Gasolina
Chevrolet Sail 1.4 Ltz;$41.000.000;2020;21.000;Plateado;Gasolina
Chevrolet Sail 1.4 Lt;$29.000.000;2016;71.000;Plateado;Gasolina
Chevrolet Sail 1.4 Lt;$31.500.000;2019;36.000;Negro;Gasolina
Chevrolet Sail 1.4 Lt 4 p;$28.500.000;2014;85.200;Azul;Gasolina
Chevrolet Sail 1.4l;$31.500.000;2016;102.000;Plateado;Gasolina
Chevrolet Sail 1.4 Ltz;$27.500.000;2015;120.000;Gris;Gasolina
Chevrolet Sail 1.4 Ls Mecánica;$31.000.000;2017;89.000;Blanco;Gasolina
Chevrolet Sail 1.4 Ltz;$37.000.000;2018;55.000;Rojo;Gasolina
Chevrolet Sail 1.4 Ls;$33.000.000;2018;83.500;Rojo;Gasolina
Chevrolet Sail 1.4 Ls;$30.000.000;2015;81.069;Gris;Gasolina
Chevrolet Sail 1.4 Ls;$25.000.000;2013;101.000;Gris;Gasolina
Chevrolet Sail 1.4 Ls;$29.000.000;2014;117.000;Gris;Gasolina
Chevrolet Sail 1.4 Lt 4 p;$32.000.000;2016;34.000;Blanco;Gasolina
Chevrolet Sail 1.4 Ls;$29.000.000;2015;78.000;Blanco;Gasolina
Chevrolet Sail 1.4 Lt;$29.000.000;2016;87.300;Rojo;Gasolina
Chevrolet Sail 1.4 Ltz Sport;$38.000.000;2020;49.106;Color not found;Gasolina
Chevrolet Sail 1.4 Ltz;$32.000.000;2018;104.000;Color not found;Gasolina
Chevrolet Sail 1.4 Ltz;$33.500.000;2017;67.000;Color not found;Gasolina
Chevrolet Sail Sail;$29.000.000;2014;81.097;Color not found;Gasolina y gas
Chevrolet Sail 1.4 Ls;$39.000.000;2020;32.000;Plateado;Gasolina
Chevrolet Sail 1.4 Ls;$25.000.000;2013;130.000;Color not found;Gasolina
Chevrolet Sail 1.4 Ltz Sport;$31.000.000;2016;77.000;Negro;Gasolina
Chevrolet Sail 1.4 Ls;$31.000.000;2016;127.000;Plateado;Gasolina
Chevrolet Sail 1.4 Ls;$26.999.000;2016;11.600;Color not found;Gasolina
Chevrolet Sail 1.4 Lt 4 p;$28.500.000;2014;128.000;Color not found;Gasolina
Chevrolet Sail 1.4 Ltz Sport;$30.000.000;2016;57.000;Color not found;Gasolina
Chevrolet Sail 1.4 Ls;$38.000.000;2018;86.100;Plateado;Gasolina
Chevrolet Sail 1.4 Ls Mecánica;$29.000.000;2017;88.000;Color not found;Gasolina
Chevrolet Sail 1.4 Ls;$33.000.000;2019;35.000;Color not found;Gasolina
Chevrolet Sail 1.4 Lt;$22.000.000;2013;98.000;Color not found;Gasolina
Chevrolet Sail 1.4 Ls;$29.500.000;2017;75.071;Color not found;Gasolina
Chevrolet Sail 1.4 Lt;$32.500.000;2017;126.000;Color not found;Gasolina
Chevrolet Sail 1.4 Ls;$27.000.000;2016;82.000;Negro;Gasolina
Chevrolet Sail 1.4 Lt;$30.000.000;2019;247.628;Gris;Gasolina
Chevrolet Sail 1.4 Lt 5 p;$26.000.000;2013;89.350;Negro;Gasolina
Chevrolet Sail 1.4 Ltz;$30.000.000;2015;110;Gris;Gasolina
Chevrolet Sail 1.4 Lt 5 p;$31.500.000;2016;89.000;Negro;Gasolina
Chevrolet Sail 1.4 Ls;$27.000.000;2013;88.000;Rojo;Gasolina
Chevrolet Sail 1.4 Lt;$31.900.000;2015;111.000;Color not found;Gasolina
Chevrolet Sail 1.4 Ltz;$35.000.000;2022;148.000;Rojo;Gasolina
Chevrolet Sail 1.4 Ltz;$38.400.000;2017;47.000;Azul;Gasolina
Chevrolet Sail 1.4 Ltz 4 p;$29.000.000;2014;97.000;Plateado;Gasolina
Chevrolet Sail 1.4l Mecánica;$37.500.000;2018;40;Blanco;Gasolina
Chevrolet Sail 1.4 Lt;$27.500.000;2016;133.000;Rojo;Gasolina
Chevrolet Sail 1.4 Ls;$26.900.000;2015;88.000;Blanco;Gasolina
Chevrolet Sail 1.4 Ls;$33.000.000;2018;100.000;Rojo;Gasolina
Chevrolet Sail 1.4 Ltz Sport;$32.500.000;2017;250.000;Blanco;Gasolina
Chevrolet Sail 1.4 Ls;$27.500.000;2014;108.000;Gris;Gasolina
Chevrolet Sail 1.4 Lt 5 p;$27.500.000;2014;158.000;Blanco;Gasolina
Chevrolet Sail 1.4 Ls;$29.000.000;2018;89.000;Color not found;Gasolina
Chevrolet Sail 1.4 Ls;$31.000.000;2014;62.000;Blanco;Gasolina
Chevrolet Sail 1.4 Ls;$26.500.000;2015;91.300;Color not found;Gasolina
Chevrolet Sail 1.4 Ltz;$30.000.000;2016;80.000;Color not found;Gasolina
Chevrolet Sail 1.4 Ls;$38.000.000;2018;39.600;Color not found;Gasolina
Chevrolet Sail 1.4 Lt 5 p;$28.000.000;2015;83.000;Plateado;Gasolina
Chevrolet Sail 1.4 Ls Mecánica;$32.000.000;2017;90.000;Color not found;Gasolina
Chevrolet Sail 1.4 Lt;$33.000.000;2019;35.525;Azul;Gasolina
Chevrolet Sail 1.4 Ls;$30.500.000;2016;94.200;Gris;Gasolina
Chevrolet Sail 1.4 Ls;$28.500.000;2016;91.700;Color not found;Gasolina
Chevrolet Sail 1.4 Ls;$27.500.000;2014;112.700;Color not found;Gasolina
Chevrolet Sail 1.4 Ls;$29.000.000;2017;93.500;Gris;Gasolina
Chevrolet Sail 1.4 Ls;$28.000.000;2013;179.000;Gris;Gasolina
Chevrolet Sail 1.4 Ls;$32.000.000;2017;72.000;Color not found;Gasolina
Chevrolet Sail ;$50.000.000;2017;235.000;Amarillo;Gasolina
Chevrolet Sail 1.4 Lt 5 p;$22.000.000;2013;173.000;Gris;Gasolina
Chevrolet Sail 1.4 Ls;$28.500.000;2014;108.300;Color not found;Gasolina
Chevrolet Sail 1.4 Ls;$23.400.000;2014;105.000;Color not found;Gasolina
Chevrolet Sail 1.4 Ls;$34.000.000;2019;36.000;Color not found;Gasolina
Chevrolet Sail 1.4 Ltz;$33.000.000;2017;103.000;Blanco;Gasolina
Chevrolet Sail 1.4 Ls;$36.700.000;2018;25.749;Color not found;Gasolina
Chevrolet Sail 1.4 Ls Mecánica;$32.900.000;2017;45.278;Rojo;Gasolina
Chevrolet Sail 1.4 Lt 5 p;$28.000.000;2014;111.000;Rojo;Gasolina
Chevrolet Sail 1.4 Ls;$26.900.000;2014;124.000;Gris;Gasolina
Chevrolet Sail 1.4 Ltz;$34.000.000;2017;106.500;Gris;Gasolina
Chevrolet Sail 1.4 Ltz;$34.000.000;2017;116.500;Plateado;Gasolina
Chevrolet Sail 1.4 Ls;$24.000.000;2013;100.000;Rojo;Gasolina
Chevrolet Sail 1.4l Mecánica;$39.000.000;2019;25.954;Gris;Gasolina
Chevrolet Sail 1.4 Ltz;$32.000.000;2015;90.209;Color not found;Gasolina
Chevrolet Sail 1.4 Ls;$28.900.000;2014;106.000;Gris;Gasolina
Chevrolet Sail 1.4 Ltz Sport;$30.000.000;2015;97.700;Plateado;Gasolina
Chevrolet Sail 1.4 Ls;$30.000.000;2016;139.000;Negro;Gasolina
Chevrolet Sail 1.4 Ls;$31.500.000;2017;119.000;Blanco;Gasolina
